{
   "products": [
      {
         "image": "Bella-T01-90.jpg",
         "name": "Bella-T01-90",
         "article": "Bella-T01-90",
         "price": 42000,
         "available": true,
         "color": "Белый глянец",
         "quantity": 0
      },
      {
         "image": "Natali-T01-90.jpg",
         "name": "Natali-T01-90",
         "article": "Natali-T01-90",
         "price": 40000,
         "available": true,
         "color": "Белый глянец",
         "quantity": 0
      },
      {
         "image": "Sofia-T01-90.jpg",
         "name": "Sofia-T01-90",
         "article": "Sofia-T01-90",
         "price": 38000,
         "available": false,
         "color": "Белый глянец",
         "quantity": 0
      },
      {
         "image": "Bella-T01-100.jpg",
         "name": "Bella-T01-100",
         "article": "Bella-T01-100",
         "price": 52000,
         "available": true,
         "color": "Красный глянец",
         "quantity": 0
      },
      {
         "image": "Natali-T01-100.jpg",
         "name": "Natali-T01-100",
         "article": "Natali-T01-100",
         "price": 50000,
         "available": false,
         "color": "Красный глянец",
         "quantity": 0
      },
      {
         "image": "Sofia-T01-100.jpg",
         "name": "Sofia-T01-100",
         "article": "Sofia-T01-100",
         "price": 48000,
         "available": true,
         "color": "Красный глянец",
         "quantity": 0
      }
      
      ]
}